Datum,Teplota,Vitr,Dest
2026-03-25 00:00:00+00:00,7.720588,8.588417,0.0
2026-03-25 01:00:00+00:00,8.132353,10.472209,0.0
2026-03-25 02:00:00+00:00,8.544118,11.290753,0.0
2026-03-25 03:00:00+00:00,8.75,11.222755,0.0
2026-03-25 04:00:00+00:00,8.544118,13.481766,0.0
2026-03-25 05:00:00+00:00,8.6470585,13.09956,0.0
2026-03-25 06:00:00+00:00,8.235294,12.689423,0.0
2026-03-25 07:00:00+00:00,8.8529415,14.298355,0.0
2026-03-25 08:00:00+00:00,9.573529,18.370928,0.0
2026-03-25 09:00:00+00:00,10.911764,22.661486,0.0
2026-03-25 10:00:00+00:00,11.838235,30.95474,0.0
2026-03-25 11:00:00+00:00,12.764706,28.068666,0.0
2026-03-25 12:00:00+00:00,13.8970585,28.337605,0.0
2026-03-25 13:00:00+00:00,14.205882,30.792463,0.0
2026-03-25 14:00:00+00:00,14.411764,29.732433,0.0
2026-03-25 15:00:00+00:00,14.514706,25.873056,0.0
2026-03-25 16:00:00+00:00,14.720588,22.09871,0.0
2026-03-25 17:00:00+00:00,14.514706,20.30335,0.0
2026-03-25 18:00:00+00:00,13.588235,21.752777,0.0
2026-03-25 19:00:00+00:00,13.073529,16.252617,0.0
2026-03-25 20:00:00+00:00,12.25,10.505381,0.0
2026-03-25 21:00:00+00:00,10.602941,11.216553,0.5
2026-03-25 22:00:00+00:00,9.573529,1.0551645,0.3
2026-03-25 23:00:00+00:00,8.955882,5.9805584,1.5
2026-03-26 00:00:00+00:00,8.441176,9.627473,1.4
2026-03-26 01:00:00+00:00,7.9264703,5.302136,1.2
2026-03-26 02:00:00+00:00,6.382353,17.184935,2.0
2026-03-26 03:00:00+00:00,5.7647057,11.388935,1.3
2026-03-26 04:00:00+00:00,5.6617646,10.010169,1.2
2026-03-26 05:00:00+00:00,5.7647057,12.683938,1.7
2026-03-26 06:00:00+00:00,4.632353,21.8326,2.1000001
2026-03-26 07:00:00+00:00,4.735294,21.35568,1.5
2026-03-26 08:00:00+00:00,4.220588,24.303167,2.8
2026-03-26 09:00:00+00:00,3.602941,24.191244,3.2
2026-03-26 10:00:00+00:00,3.5,22.655344,2.3
2026-03-26 11:00:00+00:00,3.8088236,24.773907,2.0
2026-03-26 12:00:00+00:00,4.0147057,25.458237,2.0
2026-03-26 13:00:00+00:00,4.220588,21.733572,2.0
2026-03-26 14:00:00+00:00,4.220588,24.454449,3.1000001
2026-03-26 15:00:00+00:00,4.9411764,27.842154,1.2
2026-03-26 16:00:00+00:00,5.147059,29.243958,0.1
2026-03-26 17:00:00+00:00,5.25,29.052973,0.0
2026-03-26 18:00:00+00:00,5.0441175,23.383862,0.0
2026-03-26 19:00:00+00:00,4.9411764,22.08611,0.0
2026-03-26 20:00:00+00:00,4.632353,23.17762,0.4
2026-03-26 21:00:00+00:00,4.529412,22.073502,0.1
2026-03-26 22:00:00+00:00,4.4264708,19.772022,0.0
2026-03-26 23:00:00+00:00,4.117647,17.945553,0.0
2026-03-27 00:00:00+00:00,3.8088236,17.945553,0.0
2026-03-27 01:00:00+00:00,3.602941,21.637304,0.0
2026-03-27 02:00:00+00:00,3.0882351,21.378477,0.4
2026-03-27 03:00:00+00:00,1.9558823,21.35568,0.5
2026-03-27 04:00:00+00:00,1.2352941,19.605913,0.1
2026-03-27 05:00:00+00:00,0.8235294,21.063684,0.0
2026-03-27 06:00:00+00:00,0.61764705,23.371954,0.0
2026-03-27 07:00:00+00:00,0.7205882,24.737364,0.0
2026-03-27 08:00:00+00:00,1.0183377,28.629566,0.025
2026-03-27 09:00:00+00:00,1.6750445,32.998688,0.1375
2026-03-27 10:00:00+00:00,2.7028074,37.65763,0.2
2026-03-27 11:00:00+00:00,3.448485,41.425026,0.1
2026-03-27 12:00:00+00:00,4.4257574,40.186275,0.1
2026-03-27 13:00:00+00:00,5.35303,41.781864,0.0
2026-03-27 14:00:00+00:00,6.280303,40.820087,0.0
2026-03-27 15:00:00+00:00,6.489394,39.24343,0.1
2026-03-27 16:00:00+00:00,6.6454544,36.23443,0.1
2026-03-27 17:00:00+00:00,6.6454544,37.087597,0.1
2026-03-27 18:00:00+00:00,6.3393936,36.34532,0.2
2026-03-27 19:00:00+00:00,5.883333,36.009148,0.1
2026-03-27 20:00:00+00:00,5.680303,34.8512,0.0
2026-03-27 21:00:00+00:00,5.474242,35.49122,0.0
2026-03-27 22:00:00+00:00,5.215152,33.952183,0.0
2026-03-27 23:00:00+00:00,4.5439396,31.91143,0.0
2026-03-28 00:00:00+00:00,3.8227272,32.6199,0.0
2026-03-28 01:00:00+00:00,3.6666667,32.884094,0.0
2026-03-28 02:00:00+00:00,3.2045455,31.487104,0.0
2026-03-28 03:00:00+00:00,2.7424242,30.016773,0.0
2026-03-28 04:00:00+00:00,2.2772727,28.671211,0.0
2026-03-28 05:00:00+00:00,1.8651515,28.440323,0.0
2026-03-28 06:00:00+00:00,1.5560606,27.942627,0.0
2026-03-28 07:00:00+00:00,1.55,28.635609,0.0
2026-03-28 08:00:00+00:00,1.8530303,29.699535,0.0
2026-03-28 09:00:00+00:00,2.621212,28.805338,0.0
2026-03-28 10:00:00+00:00,3.7015152,28.953592,0.0
2026-03-28 11:00:00+00:00,5.037879,28.993723,0.0
2026-03-28 12:00:00+00:00,6.118182,28.379328,0.0
2026-03-28 13:00:00+00:00,7.404545,29.80197,0.0
2026-03-28 14:00:00+00:00,8.434849,29.741741,0.0
2026-03-28 15:00:00+00:00,9.31212,29.728125,0.0
2026-03-28 16:00:00+00:00,9.830303,29.238323,0.0
2026-03-28 17:00:00+00:00,9.783333,28.190207,0.0
2026-03-28 18:00:00+00:00,9.327272,27.020737,0.0
2026-03-28 19:00:00+00:00,8.765152,25.893648,0.0
2026-03-28 20:00:00+00:00,8.15,24.109873,0.0
2026-03-28 21:00:00+00:00,7.428788,22.402943,0.0
2026-03-28 22:00:00+00:00,6.810606,21.284859,0.0
2026-03-28 23:00:00+00:00,6.245455,21.232815,0.0
2026-03-29 00:00:00+00:00,5.730303,21.728384,0.0
2026-03-29 01:00:00+00:00,5.318182,22.407272,0.0
2026-03-29 02:00:00+00:00,4.9560604,23.043814,0.0
2026-03-29 03:00:00+00:00,4.6969695,23.75179,0.0
2026-03-29 04:00:00+00:00,4.281818,24.312828,0.0
2026-03-29 05:00:00+00:00,3.610606,24.38655,0.0
2026-03-29 06:00:00+00:00,2.8363638,24.644583,0.0
2026-03-29 07:00:00+00:00,2.4212122,24.851665,0.0
2026-03-29 08:00:00+00:00,2.6742425,25.479794,0.0
2026-03-29 09:00:00+00:00,3.339394,26.455885,0.0
2026-03-29 10:00:00+00:00,4.160606,27.425406,0.0
2026-03-29 11:00:00+00:00,5.1878786,28.04711,0.0
2026-03-29 12:00:00+00:00,6.268182,28.906197,0.0
2026-03-29 13:00:00+00:00,7.0393934,29.162394,0.0
2026-03-29 14:00:00+00:00,7.1954546,28.861132,0.0
2026-03-29 15:00:00+00:00,6.939394,28.153309,0.0
2026-03-29 16:00:00+00:00,6.583333,26.593256,0.0
2026-03-29 17:00:00+00:00,6.1242423,24.097063,0.0
2026-03-29 18:00:00+00:00,5.565151,21.45062,0.0
2026-03-29 19:00:00+00:00,5.056061,18.6392,0.0
2026-03-29 20:00:00+00:00,4.80303,15.10394,0.0
2026-03-29 21:00:00+00:00,4.6,10.665793,0.0
2026-03-29 22:00:00+00:00,4.39697,6.903107,0.0
2026-03-29 23:00:00+00:00,4.0939393,4.182119,0.0
2026-03-30 00:00:00+00:00,3.7378788,2.7580125,0.0
2026-03-30 01:00:00+00:00,3.3848486,2.4747598,0.0
2026-03-30 02:00:00+00:00,2.931818,3.3023984,0.0
2026-03-30 03:00:00+00:00,2.378788,4.780783,0.0
2026-03-30 04:00:00+00:00,2.0757575,6.628535,0.0
2026-03-30 05:00:00+00:00,1.9806818,7.6651015,0.0
2026-03-30 06:00:00+00:00,1.9325757,8.504693,0.0
2026-03-30 07:00:00+00:00,1.8087121,8.860098,0.0
2026-03-30 08:00:00+00:00,3.5166664,19.493301,0.0
2026-03-30 09:00:00+00:00,4.228788,25.722034,0.0
2026-03-30 10:00:00+00:00,4.6348486,30.409311,0.0
2026-03-30 11:00:00+00:00,4.6348486,31.952135,1.1
2026-03-30 12:00:00+00:00,4.431818,31.867283,1.1
2026-03-30 13:00:00+00:00,4.331818,30.777376,1.1
2026-03-30 14:00:00+00:00,4.537879,29.233543,1.0
2026-03-30 15:00:00+00:00,4.8469696,27.112804,1.0
2026-03-30 16:00:00+00:00,4.95,24.46484,1.0
2026-03-30 17:00:00+00:00,4.8469696,20.821774,0.2
2026-03-30 18:00:00+00:00,4.540909,16.769154,0.2
2026-03-30 19:00:00+00:00,4.2848487,13.863949,0.2
2026-03-30 20:00:00+00:00,4.028788,12.546732,0.0
2026-03-30 21:00:00+00:00,3.7757576,12.00107,0.0
2026-03-30 22:00:00+00:00,3.4196968,10.863969,0.0
2026-03-30 23:00:00+00:00,3.0136364,9.058513,0.0
2026-03-31 00:00:00+00:00,2.5075758,7.4772396,0.0
2026-03-31 01:00:00+00:00,2.151515,6.9670653,0.0
2026-03-31 02:00:00+00:00,1.8954545,6.469395,0.0
2026-03-31 03:00:00+00:00,1.739394,6.0426927,0.0
2026-03-31 04:00:00+00:00,1.6333332,5.4747925,0.0
2026-03-31 05:00:00+00:00,1.4272727,5.2726445,0.0
2026-03-31 06:00:00+00:00,1.3242424,5.4087257,0.0
2026-03-31 07:00:00+00:00,1.5272727,4.705626,0.0
2026-03-31 08:00:00+00:00,2.4454544,2.0838468,0.0
2026-03-31 09:00:00+00:00,3.7696967,1.8914472,0.0
2026-03-31 10:00:00+00:00,4.9969697,4.6660533,0.0
2026-03-31 11:00:00+00:00,5.921212,5.123223,0.0
2026-03-31 12:00:00+00:00,6.692424,5.1011734,0.0
2026-03-31 13:00:00+00:00,7.363636,5.835012,0.0
2026-03-31 14:00:00+00:00,8.031818,7.4709682,0.0
2026-03-31 15:00:00+00:00,8.65,9.545606,0.0
2026-03-31 16:00:00+00:00,8.806061,11.13565,0.0
2026-03-31 17:00:00+00:00,8.34697,12.234379,0.0
2026-03-31 18:00:00+00:00,7.4787874,13.044592,0.0
2026-03-31 19:00:00+00:00,6.7136364,13.412232,0.0
2026-03-31 20:00:00+00:00,6.101515,12.731623,0.0
2026-03-31 21:00:00+00:00,5.542424,11.390691,0.0
2026-03-31 22:00:00+00:00,5.080303,10.721801,0.0
2026-03-31 23:00:00+00:00,4.768182,11.314864,0.0
